address,lat,lng,group
2505,25.767596000000001,-80.226997999999995,0
2687,25.786497000000001,-80.207408000000001,0
472,25.660430000000002,-80.417160999999993,1
1235,25.688110999999999,-80.456526999999994,1
2849,25.839934,-80.189969000000005,2
887,25.755872,-80.419184000000001,0
2584,25.720941,-80.289536999999996,0
2750,25.837605,-80.294638000000006,0
1018,25.693624,-80.26164,0
714,25.853241000000001,-80.205793,2
1220,25.463501999999998,-80.456948999999994,1
1360,25.712858000000001,-80.271238999999994,0
3818,25.900221999999999,-80.224819999999994,2
2717,25.894207000000002,-80.345416999999998,2
591,25.706562000000002,-80.412644,1
2156,25.525801000000001,-80.401086000000006,1
1339,25.630437000000001,-80.431030000000007,1
797,25.868293999999999,-80.302895000000007,2
2634,25.935106999999999,-80.260116999999994,2
2731,25.920058000000001,-80.229778999999994,2
1787,25.825282999999999,-80.189020999999997,2
1280,25.730165,-80.441235000000006,1
1807,25.748351,-80.250563,0
1554,25.478459000000001,-80.470336000000003,1
1453,25.812783,-80.351844999999997,0
3608,25.786452000000001,-80.323250999999999,0
3407,25.659019000000001,-80.415278999999998,1
1886,25.919989000000001,-80.356243000000006,2
1695,25.718285999999999,-80.460965000000002,1
3363,25.850832,-80.318991999999994,0
1174,25.685317000000001,-80.383784000000006,1
1991,25.933406000000002,-80.169636999999994,2
3444,25.883938000000001,-80.193805999999995,2
2057,25.856030000000001,-80.187271999999993,2
1025,25.466221999999998,-80.420451999999997,1
1947,25.774612000000001,-80.382097999999999,0
3745,25.944004,-80.150792999999993,2
3633,25.949261,-80.279657999999998,2
3591,25.928255,-80.304069999999996,2
3491,25.468136000000001,-80.427913000000004,1
566,25.707149999999999,-80.370123000000007,0
2254,25.781458000000001,-80.393427000000003,0
2201,25.821459999999998,-80.186447000000001,2
1343,25.753276,-80.274449000000004,0
3763,25.666494,-80.491321999999997,1
2145,25.945329000000001,-80.255392000000001,2
1062,25.662835000000001,-80.397886,1
2670,25.578398,-80.339737,1
3362,25.960922,-80.155681000000001,2
2265,25.753367999999998,-80.291559000000007,0
1397,25.632576,-80.361512000000005,1
1572,25.889690000000002,-80.369319000000004,0
2051,25.596057999999999,-80.391694999999999,1
228,25.739560000000001,-80.323772000000005,0
1411,25.695262,-80.350189999999998,0
2161,25.879942,-80.181312000000005,2
2653,25.897973,-80.251392999999993,2
635,25.755448000000001,-80.345374000000007,0
435,25.840786000000001,-80.193978000000001,2
1898,25.707101999999999,-80.291837000000001,0
3540,25.554037000000001,-80.440758000000002,1
1448,25.438993,-80.499711000000005,1
1508,25.935444,-80.246956999999995,2
2114,25.624977000000001,-80.415332000000006,1
3168,25.656763999999999,-80.313603999999998,1
2296,25.71321,-80.443085999999994,1
3524,25.689408,-80.326992000000004,0
1742,25.682839999999999,-80.425376999999997,1
1844,25.718910999999999,-80.461654999999993,1
3488,25.702124999999999,-80.414879999999997,1
1418,25.597698000000001,-80.439689999999999,1
1937,25.716414,-80.409463000000002,1
3007,25.562629999999999,-80.501592000000002,1
3589,25.877065999999999,-80.22757,2
1274,25.888309,-80.344763999999998,2
3559,25.672567000000001,-80.414704999999998,1
2526,25.507321000000001,-80.402466000000004,1
2518,25.632515000000001,-80.368998000000005,1
1282,25.771978000000001,-80.414948999999993,0
676,25.912758,-80.229389999999995,2
1884,25.536207999999998,-80.386540999999994,1
2412,25.851109999999998,-80.120576,2
3742,25.933644999999999,-80.323813999999999,2
1331,25.67895,-80.313754000000003,0
3100,25.533563000000001,-80.384020000000007,1
655,25.769051999999999,-80.243020999999999,0
576,25.764977999999999,-80.277512000000002,0
2917,25.654264000000001,-80.316461000000004,1
580,25.896584000000001,-80.185163000000003,2
2153,25.890802999999998,-80.157805999999994,2
1892,25.538826,-80.410054000000002,1
2509,25.440818,-80.483541000000002,1
1200,25.707727999999999,-80.441630000000004,1
296,25.851700999999998,-80.176097999999996,2
3541,25.462624999999999,-80.522619000000006,1
1720,25.92718,-80.316562000000005,2
2036,25.670897,-80.377995999999996,1
3293,25.897834,-80.166847000000004,2
2655,25.522535999999999,-80.412345000000002,1
760,25.706278000000001,-80.255363000000003,0
1372,25.854665000000001,-80.219083999999995,2
543,25.691904999999998,-80.166846000000007,0
734,25.876138000000001,-80.174679999999995,2
2140,25.697937,-80.305012000000005,0
735,25.738146,-80.239778000000001,0
3690,25.610484,-80.443037000000004,1
2401,25.864908,-80.249758999999997,2
2111,25.470718999999999,-80.430468000000005,1
169,25.766635000000001,-80.229855000000001,0
1745,25.755991999999999,-80.245187999999999,0
3640,25.717794000000001,-80.348489999999998,0
2924,25.561032999999998,-80.383616000000004,1
3723,25.954616999999999,-80.275543999999996,2
3683,25.667635000000001,-80.451965999999999,1
3878,25.573239000000001,-80.396679000000006,1
1580,25.866567,-80.272164000000004,2
3514,25.885891000000001,-80.210434000000006,2
1430,25.738665000000001,-80.340541000000002,0
1772,25.834132,-80.364385999999996,0
918,25.954939,-80.267666000000006,2
1080,25.619834000000001,-80.366446999999994,1
3044,25.82931,-80.197829999999996,2
3644,25.643623999999999,-80.509276999999997,1
2221,25.872052,-80.335310000000007,0
2303,25.808094000000001,-80.281248000000005,0
1931,25.736135000000001,-80.426187999999996,0
1328,25.468267999999998,-80.421940000000006,1
671,25.944483999999999,-80.329091000000005,2
3409,25.852164999999999,-80.293437999999995,2
796,25.658376000000001,-80.392910999999998,1
1262,25.740565,-80.222564000000006,0
1489,25.490480000000002,-80.415719999999993,1
3200,25.462866000000002,-80.483135000000004,1
1858,25.812964000000001,-80.279630999999995,0
804,25.558081000000001,-80.358892999999995,1
968,25.950479999999999,-80.329778000000005,2
2020,25.677095000000001,-80.438494000000006,1
2542,25.747892,-80.244994000000005,0
3124,25.589469999999999,-80.394780999999995,1
3405,25.860686999999999,-80.198642000000007,2
1910,25.747395000000001,-80.402057999999997,0
2628,25.837378999999999,-80.298289999999994,0
3911,25.773261000000002,-80.212652000000006,0
1556,25.457798,-80.483812999999998,1
1223,25.696266999999999,-80.445327000000006,1
3143,25.888873,-80.349536999999998,2
3652,25.514251999999999,-80.479673000000005,1
633,25.710656,-80.261291,0
1966,25.648540000000001,-80.391705000000002,1
1304,25.935255999999999,-80.176192,2
2630,25.872019999999999,-80.340732000000003,0
1178,25.513946000000001,-80.415488999999994,1
1392,25.667853000000001,-80.355042999999995,1
3309,25.761921000000001,-80.368252999999996,0
2601,25.855149999999998,-80.219475000000003,2
2764,25.957564999999999,-80.247184000000004,2
2211,25.766697000000001,-80.295361,0
286,25.789591999999999,-80.217940999999996,0
2308,25.810126,-80.196814000000003,2
488,25.590119999999999,-80.354260999999994,1
490,25.616035,-80.368296000000001,1
126,25.840824999999999,-80.219318000000001,2
2961,25.810803,-80.202417999999994,2
424,25.633343,-80.434775000000002,1
396,25.795822999999999,-80.204569000000006,0
2996,25.748877,-80.331321000000003,0
1518,25.913477,-80.228513000000007,2
2937,25.766220000000001,-80.230929000000003,0
1915,25.848545000000001,-80.383827999999994,0
2934,25.734287999999999,-80.240551999999994,0
235,25.877238999999999,-80.222824000000003,2
1630,25.627383999999999,-80.336692999999997,1
3885,25.501587000000001,-80.414259999999999,1
711,25.608231,-80.384360000000001,1
3783,25.957823000000001,-80.154099000000002,2
3778,25.704937000000001,-80.259737999999999,0
91,25.970109999999998,-80.177529000000007,2
1731,25.472152000000001,-80.479590000000002,1
2249,25.948646,-80.305987999999999,2
1754,25.907952999999999,-80.338633000000002,2
402,25.668061000000002,-80.420029,1
2856,25.756091999999999,-80.346532999999994,0
2195,25.741298,-80.240117999999995,0
2999,25.750696000000001,-80.448375999999996,1
988,25.805171000000001,-80.239099999999993,0
2321,25.628627999999999,-80.378056000000001,1
1190,25.872150999999999,-80.287131000000002,2
916,25.817907000000002,-80.372302000000005,0
1026,25.870056000000002,-80.256953999999993,2
2253,25.758557,-80.330712000000005,0
481,25.758272000000002,-80.440625999999995,0
2718,25.698802000000001,-80.293401000000003,0
3636,25.608301999999998,-80.427807999999999,1
3554,25.841877,-80.378738999999996,0
3657,25.822870999999999,-80.222002000000003,2
1871,25.757172000000001,-80.24212,0
3789,25.513577000000002,-80.422888999999998,1
1598,25.574846000000001,-80.362840000000006,1
1444,25.776150000000001,-80.226179999999999,0
2968,25.745304000000001,-80.259831000000005,0
2668,25.634878,-80.425432999999998,1
3177,25.826533000000001,-80.292551000000003,0
2483,25.887122999999999,-80.333546999999996,2
3842,25.791256000000001,-80.166618999999997,2
1535,25.57375,-80.341251,1
3609,25.820833,-80.215138999999994,2
1736,25.589531999999998,-80.316782000000003,1
3475,25.561226000000001,-80.344081000000003,1
904,25.894538000000001,-80.301698999999999,2
3696,25.650843999999999,-80.291161000000002,1
1384,25.782789000000001,-80.212503999999996,0
752,25.823688000000001,-80.196805999999995,2
3459,25.927505,-80.199185,2
2231,25.893794,-80.358964,2
1850,25.957992999999998,-80.191731000000004,2
1367,25.728373000000001,-80.447186000000002,1
1502,25.703392999999998,-80.335341999999997,0
3369,25.872185999999999,-80.269139999999993,2
1010,25.808954,-80.364418999999998,0
3781,25.627272000000001,-80.362375999999998,1
3777,25.680447000000001,-80.471998999999997,1
581,25.810068999999999,-80.293885000000003,0
261,25.689592999999999,-80.436407000000003,1
3684,25.599093,-80.346806999999998,1
232,25.601859000000001,-80.333340000000007,1
345,25.606394999999999,-80.340788000000003,1
115,25.733975000000001,-80.232384999999994,0
3522,25.879631,-80.340259000000003,2
2050,25.736387000000001,-80.254385999999997,0
2779,25.936720000000001,-80.231566000000001,2
3138,25.890722,-80.341206,2
3314,25.756150000000002,-80.422077999999999,0
2664,25.853739999999998,-80.380628999999999,0
979,25.705366999999999,-80.436367000000004,1
1295,25.946992000000002,-80.239411000000004,2
1525,25.790886,-80.137979999999999,2
3005,25.578581,-80.401210000000006,1
628,25.778780000000001,-80.241196000000002,0
938,25.574178,-80.339136999999994,1
835,25.648814000000002,-80.273955999999998,0
810,25.911192,-80.170888000000005,2
376,25.679175999999998,-80.321707000000004,0
3235,25.713283000000001,-80.295761999999996,0
3983,25.778258000000001,-80.261989,0
1970,25.755455000000001,-80.308869000000001,0
250,25.589103999999999,-80.344402000000002,1
2994,25.516707,-80.409508000000002,1
2590,25.670943000000001,-80.361142000000001,1
971,25.855141,-80.219755000000006,2
272,25.665780000000002,-80.376616999999996,1
2366,25.503359,-80.401657999999998,1
1683,25.873245000000001,-80.328963999999999,2
50,25.624760999999999,-80.417657000000005,1
3228,25.681636000000001,-80.442244000000002,1
939,25.937018999999999,-80.323025000000001,2
1476,25.571718000000001,-80.395956999999996,1
45,25.887457999999999,-80.236281000000005,2
1701,25.809547999999999,-80.364126999999996,0
2085,25.820183,-80.195988999999997,2
2098,25.617768999999999,-80.328562000000005,1
2351,25.614736000000001,-80.360749999999996,1
1875,25.949645,-80.307169000000002,2
3603,25.653896,-80.407647999999995,1
3179,25.939451999999999,-80.267114000000007,2
3792,25.912490999999999,-80.315528,2
2955,25.873018999999999,-80.186632000000003,2
3914,25.726837,-80.264317000000005,0
65,25.756222000000001,-80.300673000000003,0
35,25.754518000000001,-80.230529000000004,0
2202,25.817992,-80.211481000000006,2
3260,25.931891,-80.222171000000003,2
2837,25.780180000000001,-80.270657,0
3114,25.768837999999999,-80.349109999999996,0
3097,25.726868,-80.463393999999994,1
798,25.836423,-80.290374,0
2408,25.815705000000001,-80.212259000000003,2
978,25.955321000000001,-80.219283000000004,2
1791,25.7668,-80.232538000000005,0
3135,25.750063999999998,-80.446520000000007,1
2239,25.790213000000001,-80.374482,0
107,25.713923000000001,-80.373682000000002,0
2666,25.951625,-80.144542000000001,2
3774,25.441116999999998,-80.455929999999995,1
300,25.949128000000002,-80.260232000000002,2
1519,25.547184999999999,-80.373649,1
744,25.861695000000001,-80.202089999999998,2
1704,25.749382000000001,-80.298473000000001,0
3613,25.813161999999998,-80.236986999999999,0
3581,25.660312000000001,-80.319880999999995,1
1890,25.506226000000002,-80.409214000000006,1
1279,25.751239999999999,-80.293194999999997,0
3431,25.760618999999998,-80.414469999999994,0
1253,25.768376,-80.245935000000003,0
2522,25.756862999999999,-80.365056999999993,0
1345,25.512036999999999,-80.460092000000003,1
1008,25.889759999999999,-80.227339000000001,2
2513,25.805755000000001,-80.331267999999994,0
1399,25.801551,-80.142764,2
2787,25.483688000000001,-80.421531999999999,1
789,25.72579,-80.343541999999999,0
1565,25.486618,-80.474451999999999,1
103,25.729775,-80.369726999999997,0
3883,25.938195,-80.344875999999999,2
3446,25.521781000000001,-80.531136000000004,1
355,25.761925000000002,-80.414112000000003,0
137,25.93244,-80.316036999999994,2
2677,25.818048000000001,-80.209422000000004,2
3853,25.475536000000002,-80.485922000000002,1
3052,25.587447000000001,-80.325181999999998,1
164,25.455484999999999,-80.492183999999995,1
670,25.797457000000001,-80.139899999999997,2
839,25.451602000000001,-80.440520000000006,1
3118,25.780491999999999,-80.224007,0
3254,25.930865000000001,-80.252572999999998,2
2424,25.644535999999999,-80.356314999999995,1
1686,25.551871999999999,-80.434686999999997,1
2679,25.771699000000002,-80.314453999999998,0
3549,25.918098000000001,-80.352967000000007,2
3162,25.886683999999999,-80.125939000000002,2
3766,25.711179999999999,-80.456710999999999,1
853,25.785423000000002,-80.257508000000001,0
2502,25.952929999999999,-80.333883999999998,2
1849,25.844573,-80.298439999999999,0
1816,25.963595000000002,-80.240037999999998,2
1258,25.850677000000001,-80.136550999999997,2
2136,25.710032999999999,-80.288889999999995,0
1076,25.821777999999998,-80.224737000000005,2
2058,25.963215999999999,-80.276266000000007,2
1352,25.941227000000001,-80.308926999999997,2
191,25.95074,-80.300342999999998,2
1589,25.847615999999999,-80.180673999999996,2
1974,25.931024000000001,-80.217990999999998,2
2551,25.714808000000001,-80.415405000000007,1
1676,25.774871000000001,-80.226583000000005,0
354,25.708634,-80.402957000000001,1
1107,25.653728000000001,-80.306533999999999,1
337,25.727684,-80.416678000000005,1
1398,25.446538,-80.458168999999998,1
3921,25.852888,-80.377564000000007,0
2844,25.571439999999999,-80.351471000000004,1
2182,25.652553000000001,-80.372722999999993,1
1591,25.872720999999999,-80.208133000000004,2
2251,25.929914,-80.262279000000007,2
441,25.769245000000002,-80.261728000000005,0
2523,25.707104000000001,-80.291882000000001,0
2209,25.754532000000001,-80.245566999999994,0
2643,25.449926999999999,-80.449183000000005,1
1185,25.881965000000001,-80.179911000000004,2
3187,25.691334000000001,-80.446631999999994,1
3955,25.676334000000001,-80.417671999999996,1
840,25.523869999999999,-80.412047000000001,1
3008,25.676251000000001,-80.280878000000001,0
3844,25.549146,-80.372793999999999,1
626,25.627682,-80.352159,1
883,25.597079999999998,-80.321073999999996,1
3905,25.751145999999999,-80.258030000000005,0
3544,25.729695,-80.334433000000004,0
2992,25.736204000000001,-80.332853,0
1893,25.946963,-80.234517999999994,2
331,25.844733000000002,-80.3673,0
389,25.681676,-80.292535999999998,0
2766,25.723358000000001,-80.433200999999997,1
702,25.611957,-80.428786000000002,1
1919,25.851212,-80.373142000000001,0
942,25.968695,-80.181299999999993,2
2444,25.875893999999999,-80.218579000000005,2
549,25.479274,-80.476259999999996,1
1277,25.627189000000001,-80.318665999999993,1
3586,25.928343000000002,-80.265069999999994,2
2637,25.921847,-80.230632,2
2547,25.824413,-80.366530999999995,0
1245,25.678751999999999,-80.459987999999996,1
1760,25.873809999999999,-80.302599999999998,2
824,25.668054999999999,-80.401825000000002,1
2535,25.861875000000001,-80.276141999999993,2
3013,25.621030999999999,-80.419135999999995,1
1908,25.514841000000001,-80.422449,1
1500,25.484148999999999,-80.486158000000003,1
875,25.504743999999999,-80.414766,1
1823,25.891846000000001,-80.162415999999993,2
2800,25.676752,-80.309584000000001,0
1770,25.758075999999999,-80.439954999999998,0
3030,25.696303,-80.164733999999996,0
2413,25.819870000000002,-80.239924000000002,2
1067,25.962418,-80.249465999999998,2
445,25.888493,-80.224697000000006,2
2009,25.824026,-80.254911000000007,0
358,25.712526,-80.442093,1
2315,25.942674,-80.173984000000004,2
1568,25.775818999999998,-80.226241999999999,0
3035,25.698867,-80.354399999999998,0
681,25.870719000000001,-80.300286999999997,2
1023,25.746288,-80.231155999999999,0
1971,25.781773000000001,-80.229871000000003,0
3746,25.853787000000001,-80.383758,0
723,25.763901000000001,-80.272475999999997,0
867,25.906842000000001,-80.166918999999993,2
3599,25.808143999999999,-80.233143999999996,0
515,25.896256000000001,-80.302218999999994,2
1529,25.948568999999999,-80.341973999999993,2
1267,25.689844000000001,-80.324489999999997,0
3663,25.635574999999999,-80.397668999999993,1
818,25.52749,-80.415321000000006,1
664,25.659331000000002,-80.303100000000001,0
3088,25.718299999999999,-80.373527999999993,0
3428,25.625565999999999,-80.355939000000006,1
247,25.704968999999998,-80.409954999999997,1
1831,25.746347,-80.437156000000002,0
185,25.947020999999999,-80.321748999999997,2
981,25.750827000000001,-80.257591000000005,0
291,25.702093000000001,-80.351333999999994,0
2598,25.945931999999999,-80.291338999999994,2
3733,25.747015999999999,-80.393148999999994,0
3874,25.963868999999999,-80.269053,2
3391,25.930999,-80.298940000000002,2
3806,25.489561999999999,-80.427111999999994,1
3893,25.661705999999999,-80.398768000000004,1
1727,25.755692,-80.222937000000002,0
2287,25.755171000000001,-80.271416000000002,0
1739,25.661176999999999,-80.391219000000007,1
1888,25.634886999999999,-80.404843999999997,1
359,25.731301999999999,-80.291950999999997,0
3779,25.832837000000001,-80.224130000000002,2
1678,25.85821,-80.220626999999993,2
1232,25.874617000000001,-80.215119000000001,2
418,25.664946,-80.361684999999994,1
411,25.774373000000001,-80.240386000000001,0
1897,25.720455000000001,-80.264005999999995,0
121,25.747790999999999,-80.436746999999997,0
2103,25.916813999999999,-80.262173000000004,2
3666,25.647041000000002,-80.410983000000002,1
537,25.843267000000001,-80.373141000000004,0
2910,25.825980999999999,-80.304815000000005,0
3084,25.563714999999998,-80.389223000000001,1
3126,25.689114,-80.418914000000001,1
2403,25.411957999999998,-80.506806999999995,1
2927,25.887964,-80.302743000000007,2
2420,25.737431999999998,-80.368425999999999,0
953,25.855096,-80.122033999999999,2
642,25.655512000000002,-80.406312999999997,1
851,25.922872999999999,-80.200692000000004,2
1506,25.734438000000001,-80.440196999999998,1
3562,25.776992,-80.372174999999999,0
1440,25.80414,-80.224528000000007,0
459,25.746773000000001,-80.290473000000006,0
3843,25.663733000000001,-80.455534,1
3164,25.761821999999999,-80.195813999999999,0
829,25.853641,-80.228601999999995,2
3417,25.663886999999999,-80.391334999999998,1
2941,25.732509,-80.427379999999999,1
276,25.583209,-80.393891999999994,1
779,25.677060000000001,-80.409312,1
3060,25.726033000000001,-80.333556999999999,0
182,25.870861000000001,-80.209733999999997,2
874,25.78903,-80.155209999999997,2
2082,25.748601000000001,-80.297617000000002,0
3328,25.453914000000001,-80.463697999999994,1
3204,25.473638000000001,-80.425407000000007,1
2554,25.606625999999999,-80.347504999999998,1
3547,25.629826000000001,-80.420128000000005,1
216,25.888503,-80.153064000000001,2
2076,25.772355999999998,-80.210806000000005,0
2270,25.906015,-80.247712000000007,2
2070,25.923414000000001,-80.339365999999998,2
1163,25.443676,-80.456288000000001,1
3392,25.661836000000001,-80.414385999999993,1
1468,25.873239999999999,-80.328436999999994,2
2831,25.624903,-80.367635000000007,1
2191,25.931605000000001,-80.242148,2
2013,25.762260999999999,-80.411652000000004,0
2006,25.758144000000001,-80.418306999999999,0
3036,25.630248999999999,-80.448719999999994,1
206,25.886343,-80.223072999999999,2
419,25.487434,-80.486001000000002,1
1635,25.889794999999999,-80.183091000000005,2
2608,25.912400000000002,-80.248390000000001,2
461,25.781006000000001,-80.263298000000006,0
3038,25.896795000000001,-80.186215000000004,2
3390,25.870401999999999,-80.192584999999994,2
623,25.476486999999999,-80.478178999999997,1
139,25.479721000000001,-80.471320000000006,1
312,25.815664000000002,-80.203073000000003,2
3186,25.806761999999999,-80.216819999999998,2
1696,25.748018999999999,-80.243967999999995,0
1606,25.557300999999999,-80.377836000000002,1
710,25.564094999999998,-80.393324000000007,1
1838,25.682577999999999,-80.386308999999997,1
4,25.691766999999999,-80.341824000000003,0
3924,25.630986,-80.425381000000002,1
2343,25.767719,-80.294871999999998,0
3548,25.836525999999999,-80.246853999999999,2
188,25.769098,-80.292395999999997,0
3791,25.754522000000001,-80.332659000000007,0
2915,25.740862,-80.379669000000007,0
3338,25.758946000000002,-80.410038999999998,0
2397,25.636285999999998,-80.314100999999994,1
106,25.910710999999999,-80.179691000000005,2
1549,25.889092999999999,-80.237312000000003,2
1100,25.661708999999998,-80.426935999999998,1
3560,25.836876,-80.333802000000006,0
3218,25.832436000000001,-80.280373999999995,0
2407,25.815763,-80.226705999999993,2
55,25.934525000000001,-80.228206999999998,2
3194,25.578147000000001,-80.336224999999999,1
2751,25.805959999999999,-80.230986000000001,0
720,25.479984000000002,-80.496616000000003,1
678,25.824883,-80.200629000000006,2
3975,25.491282999999999,-80.424683999999999,1
1395,25.776259,-80.328660999999997,0
2950,25.70759,-80.313460000000006,0
533,25.821285,-80.294188000000005,0
49,25.956192000000001,-80.209226000000001,2
3450,25.707013,-80.403268999999995,1
3281,25.962561999999998,-80.250286000000003,2
3506,25.924067000000001,-80.31241,2
2619,25.952648,-80.344228000000001,2
3183,25.527902000000001,-80.398694000000006,1
1895,25.518718,-80.428549000000004,1
3147,25.921095000000001,-80.261838999999995,2
595,25.682725000000001,-80.326577999999998,0
208,25.94595,-80.276079999999993,2
1560,25.871494999999999,-80.329599000000002,2
3535,25.578913,-80.379914999999997,1
1766,25.613446,-80.372534999999999,1
3699,25.769928,-80.257722000000001,0
2699,25.760553999999999,-80.396884999999997,0
140,25.756485000000001,-80.271041999999994,0
3618,25.635864000000002,-80.436000000000007,1
1072,25.746103000000002,-80.35727,0
2284,25.627241000000001,-80.401374000000004,1
503,25.674658000000001,-80.385000000000005,1
2062,25.964646999999999,-80.259949000000006,2
157,25.767997999999999,-80.273320999999996,0
1803,25.908152999999999,-80.158449000000005,2
1437,25.683914000000001,-80.334181000000001,0
455,25.892769999999999,-80.216481000000002,2
1611,25.713301999999999,-80.440269000000001,1
2582,25.902125999999999,-80.212318999999994,2
2467,25.723247000000001,-80.418414999999996,1
821,25.665595,-80.439567999999994,1
3876,25.749766999999999,-80.430704000000006,0
544,25.897300000000001,-80.158169999999998,2
3693,25.688579000000001,-80.436121,1
2004,25.735713000000001,-80.354172000000005,0
1354,25.799672000000001,-80.200436999999994,2
545,25.708086000000002,-80.401392000000001,1
1004,25.698611,-80.260215000000002,0
1604,25.584405,-80.334941999999998,1
2227,25.749867999999999,-80.234632000000005,0
1466,25.772735999999998,-80.252931000000004,0
1487,25.933505,-80.216239999999999,2
2288,25.695588000000001,-80.260429000000002,0
2359,25.81052,-80.215056000000004,2
1960,25.463943,-80.427837999999994,1
271,25.810881999999999,-80.228762000000003,0
1618,25.706672999999999,-80.461118999999997,1
1234,25.762642,-80.375468999999995,0
2049,25.659744,-80.395990999999995,1
643,25.95149,-80.302921999999995,2
324,25.960808,-80.274675000000002,2
3263,25.770938000000001,-80.229033000000001,0
2516,25.953717999999999,-80.213491000000005,2
3316,25.769631,-80.242312999999996,0
1617,25.541706000000001,-80.382929000000004,1
612,25.819949999999999,-80.297192999999993,0
3894,25.674966999999999,-80.447996000000003,1
3493,25.924353,-80.344959000000003,2
1533,25.459838999999999,-80.444159999999997,1
1207,25.531291,-80.404329000000004,1
1628,25.955967999999999,-80.289109999999994,2
3569,25.775704999999999,-80.135170000000002,2
3051,25.743832999999999,-80.228498000000002,0
2506,25.796135,-80.341081000000003,0
1196,25.559214999999998,-80.374027999999996,1
1703,25.621400999999999,-80.323646999999994,1
2508,25.515322000000001,-80.397878000000006,1
175,25.549112000000001,-80.372427999999999,1
226,25.944012000000001,-80.308874000000003,2
274,25.663975000000001,-80.426319000000007,1
1573,25.591709999999999,-80.373670000000004,1
2388,25.749213999999998,-80.340746999999993,0
3245,25.81541,-80.246810999999994,0
2269,25.747752999999999,-80.350329000000002,0
756,25.610289000000002,-80.429659999999998,1
1941,25.890684,-80.319008999999994,2
2572,25.860841000000001,-80.256058999999993,2
3920,25.602837999999998,-80.387656000000007,1
2252,25.550436000000001,-80.365468000000007,1
3351,25.574204000000002,-80.358664000000005,1
1215,25.612732000000001,-80.472641999999993,1
2853,25.666367999999999,-80.414698999999999,1
213,25.837365999999999,-80.231498999999999,2
3570,25.811919,-80.194882000000007,2
771,25.593471000000001,-80.390789999999996,1
3770,25.871386000000001,-80.275897999999998,2
114,25.930133999999999,-80.192171000000002,2
3226,25.623760000000001,-80.434725,1
2646,25.701567000000001,-80.400039000000007,1
2501,25.864577000000001,-80.211988000000005,2
1978,25.676683000000001,-80.389780999999999,1
600,25.732005999999998,-80.435980999999998,1
1917,25.842784000000002,-80.183069000000003,2
1924,25.849620000000002,-80.204415999999995,2
3680,25.892856999999999,-80.334143999999995,2
373,25.467410999999998,-80.500888000000003,1
2570,25.617557999999999,-80.318338999999995,1
2215,25.901886999999999,-80.238598999999994,2
826,25.905563999999998,-80.235206000000005,2
2,25.826765000000002,-80.209513999999999,2
727,25.859411999999999,-80.175262000000004,2
888,25.670068000000001,-80.392846000000006,1
2410,25.944946999999999,-80.337328999999997,2
3175,25.868846999999999,-80.258709999999994,2
428,25.799979,-80.259767999999994,0
2949,25.501294000000001,-80.422762000000006,1
1319,25.482182999999999,-80.497495999999998,1
2142,25.766276000000001,-80.300318000000004,0
567,25.945433999999999,-80.252504000000002,2
2092,25.688745000000001,-80.390840999999995,1
1809,25.774148,-80.223164999999995,0
536,25.611077999999999,-80.319584000000006,1
2237,25.721167999999999,-80.441012999999998,1
2935,25.827656000000001,-80.231879000000006,2
3402,25.859842,-80.247794999999996,2
1263,25.663948999999999,-80.384629000000004,1
2979,25.744211,-80.246573999999995,0
427,25.862732999999999,-80.278270000000006,2
1141,25.845638999999998,-80.181533999999999,2
2177,25.621669000000001,-80.375518999999997,1
2243,25.762255,-80.221947999999998,0
3322,25.820505000000001,-80.180474000000004,2
2207,25.741388000000001,-80.410656000000003,0
362,25.769808000000001,-80.245952000000003,0
1996,25.453973999999999,-80.485664,1
3146,25.631405999999998,-80.364529000000005,1
1236,25.614075,-80.380415999999997,1
1522,25.619961,-80.442841999999999,1
2814,25.691693999999998,-80.166894999999997,0
1682,25.860527000000001,-80.291420000000002,2
539,25.712467,-80.346130000000002,0
3830,25.727789000000001,-80.308250999999998,0
962,25.758088000000001,-80.396772999999996,0
823,25.550742,-80.424664000000007,1
2384,25.80639,-80.228837999999996,0
2229,25.808247000000001,-80.229011999999997,0
813,25.488095000000001,-80.450333999999998,1
2212,25.688103999999999,-80.304282999999998,0
1988,25.934508999999998,-80.216283000000004,2
148,25.769418000000002,-80.411782000000002,0
3615,25.504083999999999,-80.422094000000001,1
974,25.573187999999998,-80.376626000000002,1
2755,25.601800999999998,-80.353157999999993,1
482,25.585452,-80.346847999999994,1
2319,25.638638,-80.331337000000005,1
551,25.709807000000001,-80.295975999999996,0
200,25.959728999999999,-80.196911,2
1482,25.861022999999999,-80.131839999999997,2
3050,25.693771000000002,-80.337637999999998,0
3804,25.900759000000001,-80.171644000000001,2
2701,25.925186,-80.330799999999996,2
697,25.902470999999998,-80.242254000000003,2
2872,25.933737000000001,-80.178098000000006,2
843,25.838432000000001,-80.373232000000002,0
187,25.935932000000001,-80.348951999999997,2
3415,25.532765999999999,-80.377782999999994,1
806,25.935727,-80.325326000000004,2
1052,25.793265000000002,-80.159233999999998,2
1048,25.902916000000001,-80.164435999999995,2
386,25.460101999999999,-80.458315999999996,1
2860,25.711994000000001,-80.348498000000006,0
3601,25.766257,-80.254434000000003,0
2015,25.795945,-80.198696999999996,0
1364,25.796223000000001,-80.194659000000001,2
3697,25.502748,-80.447173000000006,1
698,25.902625,-80.236091000000002,2
1108,25.507608999999999,-80.458061999999998,1
3103,25.928564000000001,-80.301423999999997,2
1959,25.752685,-80.228504999999998,0
2804,25.657368000000002,-80.446054000000004,1
251,25.719933000000001,-80.415654000000004,1
476,25.661283999999998,-80.404820999999998,1
966,25.717219,-80.447558999999998,1
3671,25.726531000000001,-80.250193999999993,0
1804,25.690688000000002,-80.318216000000007,0
246,25.499102000000001,-80.438193999999996,1
3106,25.887578999999999,-80.188415000000006,2
2850,25.960211999999999,-80.202876000000003,2
947,25.622603999999999,-80.369945999999999,1
3933,25.849240000000002,-80.185807999999994,2
3851,25.612677000000001,-80.318764000000002,1
961,25.642479999999999,-80.516761000000002,1
64,25.790690999999999,-80.226054000000005,0
3759,25.756774,-80.365050999999994,0
3794,25.699597000000001,-80.348232999999993,0
3059,25.877120999999999,-80.185457999999997,2
1869,25.618438999999999,-80.418380999999997,1
3261,25.470689,-80.499110000000002,1
2835,25.601042,-80.348825000000005,1
565,25.816894999999999,-80.375119999999995,0
1952,25.754493,-80.342663999999999,0
1165,25.824062000000001,-80.334339999999997,0
3767,25.738513999999999,-80.325508999999997,0
2041,25.656341999999999,-80.306241999999997,1
3882,25.863555999999999,-80.326052000000004,0
3092,25.845237999999998,-80.226065000000006,2
3178,25.761851,-80.376687000000004,0
586,25.757977,-80.226682999999994,0
3230,25.779132000000001,-80.244305999999995,0
81,25.880569000000001,-80.287450000000007,2
1154,25.620581000000001,-80.314932999999996,1
3437,25.891379000000001,-80.298687999999999,2
2691,25.918384,-80.341566999999998,2
925,25.732188000000001,-80.400231000000005,0
765,25.723143,-80.440207999999998,1
2495,25.786011999999999,-80.241707000000005,0
2293,25.440756,-80.455186999999995,1
3971,25.820501,-80.249790000000004,0
3841,25.768454999999999,-80.354085999999995,0
1261,25.875724000000002,-80.214071000000004,2
620,25.908671999999999,-80.249154000000004,2
1818,25.603038999999999,-80.440470000000005,1
1734,25.668306000000001,-80.457108000000005,1
1313,25.704612999999998,-80.409651999999994,1
3262,25.734819000000002,-80.268535999999997,0
3421,25.869237999999999,-80.297948000000005,2
2033,25.931989999999999,-80.165030999999999,2
1002,25.779249,-80.135405000000006,2
640,25.672768000000001,-80.275970999999998,0
693,25.931277999999999,-80.264418000000006,2
2688,25.634412999999999,-80.393516000000005,1
1451,25.699311000000002,-80.300853000000004,0
3324,25.726845999999998,-80.350280999999995,0
836,25.708041000000001,-80.420556000000005,1
3945,25.700814000000001,-80.413694000000007,1
1721,25.912628000000002,-80.246708999999996,2
3869,25.510228999999999,-80.406479000000004,1
815,25.594255,-80.388732000000005,1
2184,25.769002,-80.404675999999995,0
379,25.762656,-80.148399999999995,0
1091,25.936665999999999,-80.218812999999997,2
2990,25.648776999999999,-80.338830999999999,1
1458,25.955663000000001,-80.217685000000003,2
3374,25.892226999999998,-80.273415,2
2090,25.855756,-80.174214000000006,2
3813,25.817523999999999,-80.199506999999997,2
3649,25.873446000000001,-80.207178999999996,2
3887,25.961417000000001,-80.130287999999993,2
615,25.579785999999999,-80.375342000000003,1
3062,25.942739,-80.252292999999995,2
2943,25.755583000000001,-80.318472,0
161,25.803612999999999,-80.363973000000001,0
3918,25.657578000000001,-80.441745999999995,1
1094,25.734978999999999,-80.234887000000001,0
3931,25.753537999999999,-80.239045000000004,0
3424,25.842973000000001,-80.301120999999995,0
3986,25.685396999999998,-80.292974999999998,0
1276,25.671816,-80.460902000000004,1
1471,25.875751999999999,-80.213305000000005,2
1596,25.834085000000002,-80.193554000000006,2
890,25.849912,-80.316067000000004,0
2969,25.675356000000001,-80.383009999999999,1
737,25.451998,-80.438508999999996,1
3482,25.801242999999999,-80.212339,0
2720,25.715482999999999,-80.350100999999995,0
3938,25.885392,-80.357073,0
2399,25.749770999999999,-80.317059999999998,0
128,25.480861999999998,-80.417124000000001,1
1122,25.896829,-80.225149999999999,2
2278,25.743077,-80.300601999999998,0
1729,25.775759999999998,-80.273511999999997,0
1571,25.897675,-80.220528000000002,2
3805,25.704619000000001,-80.355805000000004,0
2918,25.861073000000001,-80.286468999999997,2
3336,25.740141000000001,-80.247247999999999,0
699,25.675564000000001,-80.390653999999998,1
1132,25.483045000000001,-80.453205999999994,1
879,25.963246999999999,-80.263850000000005,2
1797,25.749366999999999,-80.250665999999995,0
1956,25.665061999999999,-80.385334,1
3414,25.825219000000001,-80.363142999999994,0
684,25.48864,-80.419284000000005,1
2953,25.865311999999999,-80.210708999999994,2
758,25.672070000000001,-80.431464000000005,1
831,25.672391000000001,-80.319963000000001,0
2056,25.524203,-80.389065000000002,1
10,25.902069000000001,-80.211787000000001,2
263,25.766884999999998,-80.324348000000001,0
2881,25.481476000000001,-80.416420000000002,1
2493,25.839566000000001,-80.189116999999996,2
2304,25.5745,-80.397977999999995,1
1680,25.832086,-80.364079000000004,0
3682,25.479734000000001,-80.481233000000003,1
1756,25.493652000000001,-80.413092000000006,1
2748,25.465364999999998,-80.482202999999998,1
3979,25.561022999999999,-80.377635999999995,1
3706,25.481750000000002,-80.417834999999997,1
2014,25.851175999999999,-80.290991000000005,2
2132,25.905587000000001,-80.337249999999997,2
3040,25.796907000000001,-80.204688000000004,0
1762,25.907416000000001,-80.235624999999999,2
407,25.833402,-80.196445999999995,2
3326,25.437010000000001,-80.492366000000004,1
3207,25.734676,-80.375236999999998,0
709,25.864836,-80.138553000000002,2
865,25.578143000000001,-80.489508999999998,1
2120,25.868822999999999,-80.204211000000001,2
1167,25.865897,-80.122956000000002,2
819,25.4529,-80.465782000000004,1
2280,25.925587,-80.201469000000003,2
562,25.760615999999999,-80.208228000000005,0
746,25.829736,-80.186280999999994,2
1626,25.758185999999998,-80.364412000000002,0
2064,25.570633000000001,-80.337603999999999,1
2316,25.745408000000001,-80.373365000000007,0
1143,25.476904000000001,-80.485440999999994,1
3470,25.919791,-80.232135,2
3150,25.829079,-80.318713000000002,0
1929,25.762886000000002,-80.415113000000005,0
3416,25.8583,-80.219104999999999,2
2951,25.725760999999999,-80.317413999999999,0
1019,25.563396999999998,-80.382728999999998,1
52,25.927916,-80.268189000000007,2
86,25.616271000000001,-80.503709999999998,1
3717,25.935376000000002,-80.153701999999996,2
3330,25.746921,-80.346266,0
1896,25.913385999999999,-80.318216000000007,2
521,25.663053999999999,-80.331429,1
923,25.766603,-80.240778000000006,0
908,25.848970000000001,-80.128208999999998,2
755,25.657854,-80.367206999999993,1
858,25.734552999999998,-80.248829999999998,0
2283,25.794810999999999,-80.322694999999996,0
1024,25.766269999999999,-80.309128000000001,0
2214,25.897428999999999,-80.248294000000001,2
2393,25.713585999999999,-80.434762000000006,1
1590,25.802952999999999,-80.335482999999996,0
2770,25.509,-80.410696999999999,1
1098,25.920258,-80.202595000000002,2
3701,25.640550000000001,-80.332955999999996,1
1093,25.771180999999999,-80.411963999999998,0
3796,25.919194000000001,-80.178038000000001,2
2185,25.709306999999999,-80.403797999999995,1
2661,25.905061,-80.247221999999994,2
1386,25.643172,-80.349856000000003,1
1310,25.595531999999999,-80.393737999999999,1
3305,25.853597000000001,-80.291511,2
3258,25.505057000000001,-80.421058000000002,1
2978,25.936298000000001,-80.308515999999997,2
3534,25.867923000000001,-80.240870000000001,2
1192,25.807039,-80.384238999999994,0
2728,25.816887999999999,-80.128528000000003,2
2043,25.969798999999998,-80.162261000000001,2
2054,25.853214999999999,-80.375561000000005,0
931,25.827632000000001,-80.278424999999999,0
1950,25.439297,-80.500129999999999,1
3852,25.700248999999999,-80.433156999999994,1
1388,25.736625,-80.234808999999998,0
238,25.674244000000002,-80.289796999999993,0
2869,25.700382000000001,-80.440038000000001,1
932,25.822344999999999,-80.252123999999995,0
449,25.810323,-80.134071000000006,2
326,25.764766999999999,-80.326930000000004,0
2989,25.912725999999999,-80.351918999999995,2
783,25.823734000000002,-80.378534999999999,0
1889,25.816770999999999,-80.265281999999999,0
1152,25.653905999999999,-80.355922000000007,1
218,25.87069,-80.212727000000001,2
548,25.702862,-80.282016999999996,0
653,25.759377000000001,-80.291371999999996,0
2527,25.835833999999998,-80.220160000000007,2
3123,25.885515999999999,-80.362561999999997,0
3808,25.749877999999999,-80.437426000000002,0
2262,25.931319999999999,-80.138982999999996,2
1413,25.923876,-80.189745000000002,2
333,25.8459,-80.298787000000004,0
327,25.804545999999998,-80.231127999999998,0
422,25.816683999999999,-80.267981000000006,0
2373,25.766686,-80.291077000000001,0
1740,25.644672,-80.406654000000003,1
1928,25.883790000000001,-80.226254999999995,2
3718,25.817688,-80.310930999999997,0
1407,25.901494,-80.247840999999994,2
1663,25.708224999999999,-80.272047999999998,0
2370,25.802493999999999,-80.196240000000003,2
936,25.753983999999999,-80.327083000000002,0
2454,25.760621,-80.333085999999994,0
1150,25.945537000000002,-80.13973,2
285,25.745135000000001,-80.232586999999995,0
2633,25.711991000000001,-80.382054999999994,0
990,25.918199999999999,-80.352967000000007,2
3454,25.661380999999999,-80.398156999999998,1
3881,25.733961999999998,-80.400537,0
2553,25.542368,-80.420640000000006,1
3616,25.916986999999999,-80.172020000000003,2
630,25.927491,-80.289619999999999,2
3295,25.962401,-80.217695000000006,2
2160,25.676794999999998,-80.366065000000006,1
530,25.927011,-80.285120000000006,2
3793,25.803156000000001,-80.239722,0
2781,25.620836000000001,-80.418835000000001,1
1621,25.8079,-80.295854000000006,0
2487,25.474817999999999,-80.486429999999999,1
2216,25.918379999999999,-80.333929999999995,2
850,25.720140000000001,-80.402843000000004,0
3573,25.956384,-80.336429999999993,2
2069,25.637369,-80.405253000000002,1
3965,25.629404000000001,-80.437044,1
792,25.944655999999998,-80.280516000000006,2
2651,25.443125999999999,-80.457164000000006,1
2632,25.633548000000001,-80.423663000000005,1
3950,25.891286000000001,-80.292553999999996,2
1586,25.741015999999998,-80.440899999999999,1
2232,25.833523,-80.211387999999999,2
2827,25.797039999999999,-80.217761999999993,0
679,25.755875,-80.403554999999997,0
900,25.611501000000001,-80.442046000000005,1
399,25.604699,-80.370907000000003,1
2759,25.53548,-80.377664999999993,1
1509,25.574393000000001,-80.393863999999994,1
257,25.944799,-80.198683000000003,2
1079,25.724387,-80.328033000000005,0
2631,25.969837999999999,-80.164160999999993,2
2204,25.691179999999999,-80.283370000000005,0
297,25.615897,-80.359604000000004,1
2892,25.638369000000001,-80.377092000000005,1
339,25.463125999999999,-80.486493999999993,1
2702,25.487894000000001,-80.474232000000001,1
1085,25.948291999999999,-80.295278999999994,2
763,25.818670999999998,-80.354417999999995,0
2593,25.836541,-80.222050999999993,2
3292,25.85717,-80.310817,0
2148,25.903500999999999,-80.246667000000002,2
2301,25.764953999999999,-80.217793,0
1570,25.690363999999999,-80.403592000000003,1
3011,25.759775999999999,-80.283107999999999,0
3439,25.763014999999999,-80.223093000000006,0
1017,25.939734999999999,-80.205447000000007,2
2988,25.86345,-80.173404000000005,2
1366,25.732894999999999,-80.251671999999999,0
1900,25.743741,-80.258070000000004,0
3956,25.416385999999999,-80.501924000000002,1
1250,25.906008,-80.175756000000007,2
3936,25.767814000000001,-80.265687,0
205,25.914525999999999,-80.175768000000005,2
1326,25.961193000000002,-80.195947000000004,2
2382,25.748277999999999,-80.329488999999995,0
3307,25.569025,-80.354731999999998,1
307,25.918191,-80.247855999999999,2
2744,25.458224000000001,-80.445402999999999,1
2544,25.666858000000001,-80.297966000000002,0
1668,25.770751000000001,-80.218170000000001,0
256,25.542705000000002,-80.366437000000005,1
3505,25.800086,-80.142723000000004,2
896,25.814162,-80.238236999999998,0
2143,25.709959000000001,-80.375634000000005,0
3754,25.697859000000001,-80.362380000000002,0
207,25.908697,-80.199489999999997,2
1151,25.475283999999998,-80.473602999999997,1
323,25.755697999999999,-80.268720999999999,0
3009,25.844560999999999,-80.383803,0
820,25.450337999999999,-80.488230000000001,1
1131,25.69201,-80.341539999999995,0
2857,25.715994999999999,-80.370523000000006,0
1184,25.835764999999999,-80.201690999999997,2
3494,25.439513000000002,-80.488606000000004,1
3456,25.721034,-80.341440000000006,0
1638,25.878563,-80.225767000000005,2
1086,25.733063000000001,-80.397147000000004,0
2863,25.832657999999999,-80.365340000000003,0
2246,25.886990999999998,-80.300383999999994,2
529,25.546247999999999,-80.383426999999998,1
1371,25.902754999999999,-80.344247999999993,2
3602,25.837067999999999,-80.206638999999996,2
1987,25.857261000000001,-80.200878000000003,2
2652,25.689955999999999,-80.447019999999995,1
3033,25.894984000000001,-80.158591999999999,2
2698,25.771449,-80.247411999999997,0
2604,25.766846999999999,-80.409938999999994,0
1963,25.821974999999998,-80.222509000000002,2
2488,25.471008999999999,-80.433190999999994,1
634,25.658799999999999,-80.39828,1
956,25.745042999999999,-80.226777999999996,0
2913,25.956765999999998,-80.274009000000007,2
2926,25.508057999999998,-80.465453999999994,1
1385,25.776754,-80.137569999999997,2
3481,25.726637,-80.246181000000007,0
573,25.782,-80.400093999999996,0
504,25.805088000000001,-80.210498999999999,2
211,25.766131000000001,-80.273076000000003,0
1700,25.871786,-80.341297999999995,0
3378,25.735749999999999,-80.350746000000001,0
2904,25.777265,-80.407855999999995,0
3999,25.474205000000001,-80.437967,1
1168,25.864484000000001,-80.188194999999993,2
117,25.709541000000002,-80.433242000000007,1
2833,25.754763000000001,-80.239699999999999,0
3320,25.809481999999999,-80.298557000000002,0
1510,25.566222,-80.364613000000006,1
604,25.805285000000001,-80.237802000000002,0
1199,25.575354999999998,-80.356516999999997,1
1995,25.598614000000001,-80.443330000000003,1
1563,25.744945000000001,-80.302674999999994,0
805,25.506751000000001,-80.408355999999998,1
1410,25.610552999999999,-80.368814,1
3888,25.757421999999998,-80.234018000000006,0
2878,25.956489999999999,-80.226141999999996,2
2104,25.742954000000001,-80.345510000000004,0
2866,25.85548,-80.263875999999996,2
1757,25.788978,-80.199725000000001,0
3061,25.599701,-80.412823000000003,1
1000,25.937063999999999,-80.225264999999993,2
3101,25.917940999999999,-80.156557000000006,2
2507,25.581409000000001,-80.358137999999997,1
2433,25.839948,-80.264339000000007,2
639,25.930305000000001,-80.279846000000006,2
3744,25.675350000000002,-80.322732000000002,0
1726,25.713642,-80.459799000000004,1
234,25.468012000000002,-80.497545000000002,1
3845,25.603966,-80.374375000000001,1
1066,25.897537,-80.198418000000004,2
123,25.861338,-80.265680000000003,2
112,25.814250000000001,-80.209310000000002,2
950,25.823263000000001,-80.230260000000001,2
3968,25.655636000000001,-80.350483999999994,1
204,25.664598999999999,-80.414734999999993,1
433,25.890442,-80.359891000000005,0
2361,25.853579,-80.220319000000003,2
3026,25.715602000000001,-80.429255999999995,1
293,25.934304999999998,-80.238750999999993,2
1651,25.568507,-80.348060000000004,1
3276,25.853422999999999,-80.184027999999998,2
3632,25.767486999999999,-80.217989000000003,0
1213,25.600055999999999,-80.381958999999995,1
3432,25.68749,-80.329768000000001,0
3752,25.950479000000001,-80.328102000000001,2
3090,25.867819999999998,-80.219616000000002,2
3072,25.891062999999999,-80.292247000000003,2
3976,25.506319000000001,-80.417995000000005,1
557,25.859461,-80.245031999999995,2
3017,25.728071,-80.298578000000006,0
2144,25.725940999999999,-80.443780000000004,1
832,25.488630000000001,-80.443216000000007,1
2378,25.511125,-80.415425999999997,1
3555,25.731864000000002,-80.358362,0
3000,25.852121,-80.137163999999999,2
2037,25.739712000000001,-80.434517,1
3736,25.790348000000002,-80.33314,0
3565,25.937339000000001,-80.171199999999999,2
743,25.560362000000001,-80.399700999999993,1
2404,25.721198999999999,-80.377188000000004,0
1755,25.885559000000001,-80.345314000000002,2
2312,25.815655,-80.199421999999998,2
2654,25.684267999999999,-80.168036999999998,0
3247,25.959529,-80.227213000000006,2
3130,25.847826999999999,-80.292108999999996,0
1587,25.886592,-80.228776999999994,2
2234,25.744637999999998,-80.240319999999997,0
1967,25.49661,-80.432091999999997,1
3216,25.700672000000001,-80.415649999999999,1
889,25.824901000000001,-80.219172999999998,2
861,25.760939,-80.236836999999994,0
2980,25.707647999999999,-80.284754000000007,0
1942,25.642330999999999,-80.403833000000006,1
2788,25.585104000000001,-80.352573000000007,1
863,25.812989000000002,-80.241105000000005,0
3350,25.720562000000001,-80.348973999999998,0
637,25.854275999999999,-80.176447999999993,2
1033,25.763894000000001,-80.220282999999995,0
1538,25.684705999999998,-80.392689000000004,1
163,25.910592999999999,-80.173034999999999,2
1393,25.872401,-80.295226999999997,2
995,25.575320999999999,-80.351566000000005,1
1037,25.497029000000001,-80.439451000000005,1
2166,25.869115000000001,-80.340598999999997,0
3418,25.837260000000001,-80.244010000000003,2
704,25.893972000000002,-80.331680000000006,2
2222,25.768170000000001,-80.240460999999996,0
3221,25.763759,-80.209012000000001,0
292,25.953149,-80.221474000000001,2
1773,25.626783,-80.330196000000001,1
2000,25.942696999999999,-80.173422000000002,2
1050,25.945757,-80.278952000000004,2
2901,25.599678999999998,-80.415723999999997,1
656,25.818569,-80.251715000000004,0
3193,25.682107999999999,-80.414406999999997,1
3117,25.721972999999998,-80.372421000000003,0
2173,25.812055999999998,-80.365184999999997,0
2453,25.770783000000002,-80.254137999999998,0
731,25.54599,-80.530794,1
1785,25.634564000000001,-80.327200000000005,1
1969,25.913354999999999,-80.232573000000002,2
155,25.637642,-80.303664999999995,1
189,25.734722000000001,-80.275997000000004,0
2213,25.673454,-80.360787000000002,1
2364,25.823066000000001,-80.248103,2
658,25.742667999999998,-80.240144000000001,0
1957,25.535057999999999,-80.395323000000005,1
3930,25.763553000000002,-80.237047000000004,0
2885,25.901619,-80.238589000000005,2
480,25.845175999999999,-80.203260999999998,2
1557,25.680332,-80.300448000000003,0
1994,25.774082,-80.226016000000001,0
94,25.852535,-80.140873999999997,2
2205,25.814795,-80.197363999999993,2
1698,25.860681,-80.20205,2
3037,25.824667000000002,-80.223372999999995,2
3042,25.924426,-80.328359000000006,2
3588,25.834904000000002,-80.23845,2
876,25.694258999999999,-80.325202000000004,0
203,25.846463,-80.157076000000004,2
78,25.83915,-80.243230999999994,2
1322,25.755998999999999,-80.335209000000006,0
3041,25.868196000000001,-80.221198999999999,2
1699,25.821598999999999,-80.291268000000002,0
1265,25.832121999999998,-80.184670999999994,2
1650,25.959924999999998,-80.264388999999994,2
1944,25.751867000000001,-80.231904,0
1723,25.956036999999998,-80.219077999999996,2
1648,25.760905999999999,-80.209067000000005,0
767,25.918948,-80.352671000000001,2
168,25.825189000000002,-80.279302000000001,0
142,25.808952000000001,-80.230700999999996,0
1432,25.58897,-80.379412000000002,1
1616,25.481877000000001,-80.490440000000007,1
2789,25.579633999999999,-80.344699000000006,1
1655,25.779567,-80.356257999999997,0
3960,25.619667,-80.421295999999998,1
2193,25.801843999999999,-80.245500000000007,0
2546,25.972691999999999,-80.201817000000005,2
3377,25.617232999999999,-80.363750999999993,1
2671,25.767240000000001,-80.207764999999995,0
109,25.78087,-80.216094999999996,0
3004,25.594192,-80.382223999999994,1
855,25.938585,-80.268248999999997,2
2233,25.837705,-80.292997999999997,0
3105,25.737307999999999,-80.434380000000004,1
700,25.646751999999999,-80.320599999999999,1
3667,25.730768000000001,-80.294253999999995,0
2747,25.707402999999999,-80.420197000000002,1
689,25.865252000000002,-80.223651000000004,2
1170,25.466391999999999,-80.425935999999993,1
8,25.596041,-80.392150000000001,1
1973,25.724513000000002,-80.290001000000004,0
994,25.654468999999999,-80.332790000000003,1
1441,25.547180000000001,-80.373474000000002,1
5,25.836511999999999,-80.366510000000005,0
348,25.773477,-80.253551999999999,0
3209,25.474926,-80.447355999999999,1
1632,25.745985000000001,-80.342810999999998,0
834,25.951618,-80.299930000000003,2
2873,25.866927,-80.122032000000004,2
2429,25.969557999999999,-80.164379999999994,2
1474,25.853334,-80.291066000000001,2
349,25.464437,-80.488093000000006,1
507,25.523527999999999,-80.405575999999996,1
2973,25.883482999999998,-80.314161999999996,2
3908,25.733891,-80.354262000000006,0
3001,25.677457,-80.421167999999994,1
469,25.889654,-80.216210000000004,2
1713,25.815850999999999,-80.355430999999996,0
2228,25.890682999999999,-80.318826999999999,2
2150,25.895849999999999,-80.169552999999993,2
2586,25.792323,-80.336023999999995,0
2902,25.759239000000001,-80.233090000000004,0
2198,25.858481999999999,-80.1721,2
2823,25.810359999999999,-80.316085000000001,0
3890,25.77524,-80.212242000000003,0
2499,25.764824000000001,-80.303718000000003,0
2300,25.421669999999999,-80.526669999999996,1
1521,25.813960999999999,-80.267690999999999,0
2678,25.906320000000001,-80.343211999999994,2
1808,25.844352000000001,-80.284638000000001,2
3107,25.500568999999999,-80.430205999999998,1
2974,25.682196999999999,-80.442378000000005,1
3430,25.834398,-80.266036,2
729,25.831555999999999,-80.304597999999999,0
3465,25.698094999999999,-80.278154000000001,0
2579,25.709149,-80.411882000000006,1
2330,25.737991000000001,-80.412221000000002,0
2426,25.634734000000002,-80.321374000000006,1
3296,25.611424,-80.313545000000005,1
1194,25.567471000000001,-80.376717999999997,1
825,25.68216,-80.402103999999994,1
1038,25.712835999999999,-80.271693999999997,0
3651,25.731180999999999,-80.440150000000003,1
2746,25.741246,-80.317830999999998,0
3857,25.905988000000001,-80.248322999999999,2
2430,25.671673999999999,-80.405722999999995,1
1514,25.684950000000001,-80.308376999999993,0
1275,25.925163999999999,-80.334005000000005,2
27,25.836638000000001,-80.279387,0
1216,25.736457999999999,-80.394014999999996,0
3698,25.577766,-80.406000000000006,1
578,25.714110000000002,-80.310475999999994,0
1597,25.682898000000002,-80.419363000000004,1
3287,25.885964000000001,-80.333296000000004,2
3967,25.630731999999998,-80.366065000000006,1
1021,25.832937000000001,-80.190444999999997,2
173,25.933071999999999,-80.275262999999995,2
2796,25.861477000000001,-80.288310999999993,2
590,25.771704,-80.396557999999999,0
346,25.892393999999999,-80.228452000000004,2
541,25.963201999999999,-80.220600000000005,2
1732,25.762492000000002,-80.367778000000001,0
21,25.874714999999998,-80.181021000000001,2
2169,25.706669000000002,-80.266469999999998,0
3801,25.736269,-80.380634000000001,0
279,25.880016000000001,-80.312118999999996,2
3807,25.951647999999999,-80.157567,2
1891,25.879587999999998,-80.344731999999993,0
811,25.724612,-80.351600000000005,0
3969,25.860513999999998,-80.237702999999996,2
785,25.822768,-80.312224000000001,0
2306,25.829328,-80.281097000000003,0
2816,25.680612,-80.432553999999996,1
3832,25.489671000000001,-80.419657000000001,1
2811,25.567015999999999,-80.331193999999996,1
2052,25.817779000000002,-80.322157000000004,0
3729,25.949338999999998,-80.299081999999999,2
1022,25.835557000000001,-80.212941999999998,2
1241,25.57244,-80.408188999999993,1
2538,25.848979,-80.272631000000004,2
1351,25.736004000000001,-80.251793000000006,0
1551,25.846985,-80.253315000000001,2
3070,25.60858,-80.415532999999996,1
2733,25.700713,-80.399770000000004,1
3271,25.562813999999999,-80.383729000000002,1
2021,25.951916000000001,-80.157341000000002,2
1497,25.867898,-80.271006,2
929,25.827950999999999,-80.128129999999999,2
2807,25.657152,-80.391401999999999,1
1071,25.634550000000001,-80.355525999999998,1
644,25.706398,-80.404514000000006,1
1058,25.964734,-80.206254999999999,2
1658,25.955062999999999,-80.222859999999997,2
2044,25.496036,-80.457293000000007,1
3539,25.966366000000001,-80.254928000000007,2
1227,25.747599999999998,-80.404385000000005,0
3085,25.949795000000002,-80.264746000000002,2
2122,25.598002999999999,-80.426586999999998,1
3300,25.821342000000001,-80.133516,2
1183,25.760846000000001,-80.269481999999996,0
31,25.819980000000001,-80.270280999999997,0
3225,25.808076,-80.188805000000002,2
1992,25.833375,-80.198490000000007,2
1391,25.759260000000001,-80.439588999999998,0
2335,25.763831,-80.222972999999996,0
1298,25.882605000000002,-80.299710000000005,2
2706,25.883058999999999,-80.199695000000006,2
2186,25.776128,-80.367598999999998,0
76,25.742284999999999,-80.333259999999996,0
3188,25.799733,-80.198904999999996,2
1741,25.770119000000001,-80.378702000000004,0
378,25.646587,-80.407448000000002,1
3732,25.464766000000001,-80.522642000000005,1
2127,25.63578,-80.367536000000001,1
3929,25.739204000000001,-80.305715000000006,0
3419,25.689381999999998,-80.375000999999997,1
909,25.832815,-80.217156000000003,2
1837,25.71687,-80.374422999999993,0
2905,25.559193,-80.336042000000006,1
1984,25.846907999999999,-80.300905,0
431,25.88926,-80.137781000000004,2
845,25.723341999999999,-80.463342999999995,1
3715,25.706575999999998,-80.376357999999996,0
1716,25.576166000000001,-80.321950999999999,1
3476,25.677337999999999,-80.321263999999999,0
2858,25.628392999999999,-80.320563000000007,1
2931,25.716322000000002,-80.316668000000007,0
1244,25.738958,-80.439428000000007,1
3702,25.965399999999999,-80.189445000000006,2
911,25.484909999999999,-80.420753000000005,1
2514,25.849907999999999,-80.315161000000003,0
1536,25.657464999999998,-80.305807999999999,1
552,25.920313,-80.261622000000003,2
2659,25.602180000000001,-80.384538000000006,1
577,25.486424,-80.483821000000006,1
2019,25.571992999999999,-80.357032000000004,1
1127,25.934512000000002,-80.323635999999993,2
1171,25.675204999999998,-80.418813999999998,1
2558,25.472073000000002,-80.460245999999998,1
1434,25.486160999999999,-80.455522999999999,1
2358,25.875672000000002,-80.202748,2
3489,25.729973000000001,-80.422499999999999,1
517,25.627032,-80.372467,1
2291,25.850017000000001,-80.202173999999999,2
2805,25.927012999999999,-80.290661,2
827,25.788122999999999,-80.234385000000003,0
1748,25.853162000000001,-80.264690999999999,2
812,25.856507000000001,-80.310974999999999,0
3049,25.667627,-80.376154999999997,1
2785,25.930893999999999,-80.331086999999997,2
1759,25.477329999999998,-80.485140000000001,1
1761,25.828761,-80.189042999999998,2
3347,25.457350999999999,-80.445414,1
224,25.624413000000001,-80.355596000000006,1
2734,25.599378000000002,-80.411445000000001,1
3597,25.698785999999998,-80.440996999999996,1
1879,25.626075,-80.336066000000002,1
2774,25.556698000000001,-80.369562000000002,1
3469,25.856102,-80.172107999999994,2
2298,25.963581999999999,-80.186982999999998,2
899,25.855764000000001,-80.187256000000005,2
3464,25.727212999999999,-80.463407000000004,1
380,25.829650000000001,-80.188772,2
3032,25.911141000000001,-80.331140000000005,2
3396,25.857074999999998,-80.233510999999993,2
2498,25.912613,-80.206536999999997,2
3375,25.973158999999999,-80.178109000000006,2
2696,25.745073000000001,-80.427850000000007,0
3533,25.973717000000001,-80.158769000000007,2
239,25.763494999999999,-80.393730000000005,0
2087,25.790904999999999,-80.256815000000003,0
3900,25.759122000000001,-80.387773999999993,0
3165,25.949669,-80.250000999999997,2
2753,25.747505,-80.248452999999998,0
2802,25.943722000000001,-80.333502999999993,2
1852,25.577735000000001,-80.404505,1
621,25.758227000000002,-80.304383000000001,0
972,25.763134000000001,-80.218844000000004,0
3031,25.738555000000002,-80.434257000000002,1
273,25.884574000000001,-80.337557000000004,2
1725,25.760213,-80.227686000000006,0
1228,25.649785999999999,-80.413345000000007,1
2210,25.955634,-80.287520999999998,2
3590,25.679828000000001,-80.316356999999996,0
2168,25.731608999999999,-80.307813999999993,0
22,25.666135000000001,-80.382327000000004,1
2964,25.568764000000002,-80.384966000000006,1
919,25.828008000000001,-80.236309000000006,2
3575,25.933330000000002,-80.260103999999998,2
2354,25.77534,-80.297031000000004,0
3318,25.481394999999999,-80.448554999999999,1
2055,25.89058,-80.185389999999998,2
1133,25.663968000000001,-80.455432999999999,1
1639,25.494540000000001,-80.398195999999999,1
2577,25.574929000000001,-80.347347999999997,1
3537,25.893494,-80.314825999999996,2
3139,25.758089999999999,-80.306900999999996,0
894,25.669430999999999,-80.368769,1
1813,25.822949000000001,-80.374514000000005,0
830,25.733749,-80.337626,0
2828,25.823682999999999,-80.367169000000004,0
882,25.766684000000001,-80.316488000000007,0
3545,25.600239999999999,-80.375060000000005,1
2372,25.711891999999999,-80.265636000000001,0
3457,25.800585000000002,-80.357401999999993,0
1457,25.817406999999999,-80.281609000000003,0
3483,25.696421000000001,-80.454718999999997,1
2568,25.693044,-80.251695999999995,0
886,25.817627999999999,-80.302560999999997,0
2383,25.919599999999999,-80.274827000000002,2
3023,25.949458,-80.255944,2
144,25.894227000000001,-80.205923999999996,2
265,25.842117999999999,-80.179196000000005,2
1061,25.556173000000001,-80.356964000000005,1
3772,25.883064999999998,-80.190036000000006,2
2437,25.763117999999999,-80.353348999999994,0
1030,25.961386999999998,-80.161636000000001,2
2267,25.489329000000001,-80.480418,1
3342,25.764720000000001,-80.335228000000001,0
1574,25.831472999999999,-80.222746999999998,2
1491,25.889019000000001,-80.363017999999997,0
2008,25.889332,-80.329777000000007,2
2967,25.776883999999999,-80.224900000000005,0
3932,25.951039000000002,-80.292203000000001,2
3639,25.484134999999998,-80.483929000000003,1
924,25.948302999999999,-80.285244000000006,2
2125,25.918697999999999,-80.189716000000004,2
907,25.941783000000001,-80.199382,2
1905,25.765460000000001,-80.377643000000006,0
3668,25.766355000000001,-80.292681999999999,0
3366,25.735471,-80.404391000000004,0
3334,25.856731,-80.220453000000006,2
1041,25.623605000000001,-80.347100999999995,1
2920,25.713853,-80.404375999999999,1
1815,25.780484999999999,-80.246100999999996,0
1193,25.593167000000001,-80.374431000000001,1
1297,25.619952999999999,-80.354877000000002,1
1224,25.939463,-80.179897999999994,2
240,25.807400000000001,-80.191001999999997,2
2689,25.749141999999999,-80.233069,0
849,25.753143999999999,-80.309689000000006,0
1776,25.930454999999998,-80.328868,2
3220,25.896263000000001,-80.251453999999995,2
3223,25.778068000000001,-80.274333999999996,0
3980,25.696318999999999,-80.403592000000003,1
1857,25.961919999999999,-80.245824999999996,2
3275,25.696344,-80.339202,0
728,25.760158000000001,-80.339370000000002,0
554,25.756205000000001,-80.252093000000002,0
3710,25.900811999999998,-80.204348999999993,2
305,25.5854,-80.325086999999996,1
450,25.861374000000001,-80.273618999999997,2
841,25.789743999999999,-80.252295000000004,0
2075,25.880296000000001,-80.282148000000007,2
44,25.874236,-80.234997000000007,2
1860,25.559324,-80.357624999999999,1
3516,25.723034999999999,-80.285202999999996,0
2220,25.849183,-80.206699999999998,2
154,25.880286000000002,-80.284632000000002,2
1724,25.753746,-80.386403000000001,0
1962,25.698255,-80.354387000000003,0
2402,25.510387999999999,-80.470039999999997,1
774,25.629697,-80.398246999999998,1
1306,25.827117000000001,-80.228992000000005,2
2398,25.587263,-80.378881000000007,1
2102,25.774946,-80.274107999999998,0
2248,25.725866,-80.410032999999999,0
2600,25.778341999999999,-80.27516,0
2861,25.823578000000001,-80.270155000000003,0
3056,25.771594,-80.297490999999994,0
3499,25.893872000000002,-80.347309999999993,2
2682,25.775410999999998,-80.394182000000001,0
492,25.783626999999999,-80.255179999999996,0
1825,25.807849999999998,-80.355838000000006,0
1921,25.831199000000002,-80.234386000000001,2
409,25.75629,-80.410088000000002,0
2005,25.760216,-80.407655000000005,0
2541,25.602615,-80.371548000000004,1
1710,25.734378,-80.246559000000005,0
574,25.877224999999999,-80.216558000000006,2
912,25.6355,-80.438472000000004,1
2576,25.877189000000001,-80.335986000000005,2
2152,25.672256999999998,-80.434004999999999,1
3160,25.774381000000002,-80.252853999999999,0
934,25.841882999999999,-80.233093999999994,2
310,25.681533000000002,-80.419381999999999,1
2639,25.586563999999999,-80.380020999999999,1
470,25.851557,-80.264634000000001,2
2459,25.941963000000001,-80.301709000000002,2
1358,25.815656000000001,-80.254503999999997,0
1986,25.844346000000002,-80.259846999999993,2
28,25.662392000000001,-80.430770999999993,1
1428,25.604790000000001,-80.425180999999995,1
1172,25.816617000000001,-80.326606999999996,0
460,25.532778,-80.382687000000004,1
3349,25.599477,-80.418148000000002,1
1130,25.950285999999998,-80.318674000000001,2
1157,25.557354,-80.368555000000001,1
2899,25.827840999999999,-80.217117000000002,2
199,25.835964000000001,-80.296175000000005,0
3904,25.780873,-80.406198000000003,0
1749,25.481504000000001,-80.422421999999997,1
2099,25.787751,-80.136797999999999,2
3500,25.454405999999999,-80.464337999999998,1
1450,25.672711,-80.319085000000001,0
2053,25.864536999999999,-80.305609000000004,2
1226,25.799330999999999,-80.216819999999998,0
1728,25.709405,-80.284587999999999,0
1014,25.965271000000001,-80.148076000000003,2
195,25.958247,-80.160704999999993,2
1495,25.48901,-80.495273999999995,1
2324,25.524591999999998,-80.408772999999997,1
3926,25.858771999999998,-80.196991999999995,2
2028,25.806215999999999,-80.217314999999999,2
685,25.946073999999999,-80.150152000000006,2
2289,25.662234000000002,-80.313000000000002,1
2808,25.927147000000001,-80.341342999999995,2
2345,25.460574999999999,-80.439760000000007,1
1431,25.603881000000001,-80.335686999999993,1
2567,25.751498999999999,-80.392263999999997,0
262,25.613935999999999,-80.377634,1
413,25.681262,-80.353256000000002,1
2656,25.880504999999999,-80.313985000000002,2
1780,25.879321999999998,-80.326791999999998,2
3836,25.739183000000001,-80.233008999999996,0
1081,25.90851,-80.236547999999999,2
614,25.561122999999998,-80.335459999999998,1
2379,25.744471999999998,-80.330543000000006,0
2299,25.667062999999999,-80.407796000000005,1
3403,25.873804,-80.307823999999997,2
1325,25.548296000000001,-80.367270000000005,1
2183,25.911261,-80.20384,2
1647,25.747246000000001,-80.409823000000003,0
3176,25.718855999999999,-80.382362000000001,0
2138,25.613479999999999,-80.350969000000006,1
3899,25.834143999999998,-80.214513999999994,2
1394,25.583247,-80.351963999999995,1
2923,25.855385999999999,-80.245007000000001,2
993,25.959980000000002,-80.174724999999995,2
3922,25.519331000000001,-80.413768000000005,1
2411,25.855359,-80.173704000000001,2
2331,25.690950999999998,-80.440268000000003,1
2276,25.723068999999999,-80.342952999999994,0
1361,25.925068,-80.153090000000006,2
902,25.892347000000001,-80.133855999999994,2
680,25.880568,-80.212080999999998,2
673,25.890173000000001,-80.216768000000002,2
1324,25.563955,-80.345083000000002,1
1989,25.535748000000002,-80.378320000000002,1
1088,25.758230000000001,-80.234842999999998,0
2680,25.728400000000001,-80.349214000000003,0
3598,25.750872000000001,-80.406771000000006,0
1912,25.939454999999999,-80.324712000000005,2
740,25.776102999999999,-80.216649000000004,0
3518,25.814153999999998,-80.210351000000003,2
1607,25.721494,-80.446841000000006,1
394,25.450165999999999,-80.451620000000005,1
3994,25.807217999999999,-80.232840999999993,0
773,25.560025,-80.367445000000004,1
3093,25.590997999999999,-80.519643000000002,1
2548,25.838083000000001,-80.373047999999997,0
83,25.971095999999999,-80.136117999999996,2
3946,25.470865,-80.460486000000003,1
367,25.951861000000001,-80.233186000000003,2
284,25.527221000000001,-80.407161000000002,1
1496,25.731897,-80.390431000000007,0
3034,25.499065000000002,-80.449900999999997,1
1137,25.743141000000001,-80.297747999999999,0
509,25.626366000000001,-80.425548000000006,1
3641,25.753132000000001,-80.253,0
153,25.841497,-80.226045999999997,2
3973,25.627298,-80.428804,1
2960,25.669381999999999,-80.357802000000007,1
945,25.755178000000001,-80.308860999999993,0
597,25.629093000000001,-80.396473,1
2018,25.687151,-80.445198000000005,1
3355,25.566849999999999,-80.515870000000007,1
254,25.852184000000001,-80.302567999999994,0
2674,25.463173999999999,-80.501025999999996,1
120,25.929431000000001,-80.197967000000006,2
388,25.955708000000001,-80.222891000000004,2
26,25.714545999999999,-80.440747999999999,1
3025,25.673752,-80.462044000000006,1
3121,25.880768,-80.315151,2
1697,25.596233999999999,-80.406796,1
795,25.819944,-80.257796999999997,0
3440,25.876358,-80.225133999999997,2
3071,25.688162999999999,-80.172042000000005,0
2663,25.687442999999998,-80.430769999999995,1
2026,25.830912000000001,-80.271197999999998,0
3943,25.84131,-80.124221000000006,2
3173,25.932214999999999,-80.281501000000006,2
3854,25.845541000000001,-80.206018,2
93,25.834012999999999,-80.286030999999994,0
2468,25.94528,-80.218304000000003,2
759,25.555122000000001,-80.335284000000001,1
921,25.762384000000001,-80.258101999999994,0
1427,25.735419,-80.378541999999996,0
2194,25.695827999999999,-80.358593999999997,0
3119,25.742849,-80.319220000000001,0
2709,25.755372000000001,-80.275948,0
2334,25.947828000000001,-80.276732999999993,2
222,25.751055000000001,-80.348662000000004,0
2369,25.773313999999999,-80.223590000000002,0
3480,25.750226000000001,-80.405501000000001,0
150,25.942591,-80.231466999999995,2
730,25.716949,-80.373958999999999,0
3222,25.721029000000001,-80.301590000000004,0
299,25.871144000000001,-80.271469999999994,2
252,25.831282999999999,-80.196646000000001,2
1542,25.614094999999999,-80.350105999999997,1
104,25.745657999999999,-80.253423999999995,0
807,25.824452000000001,-80.266159000000002,0
3329,25.955123,-80.325457999999998,2
1894,25.796022000000001,-80.195539999999994,2
1646,25.887201999999998,-80.228810999999993,2
799,25.633531000000001,-80.334919999999997,1
2176,25.625374999999998,-80.363742999999999,1
1507,25.492051,-80.486384999999999,1
506,25.916141,-80.156701999999996,2
3840,25.632597000000001,-80.442779000000002,1
1146,25.769293999999999,-80.235185999999999,0
1031,25.836265999999998,-80.264088999999998,2
3006,25.851973999999998,-80.143718000000007,2
1401,25.875122999999999,-80.272270000000006,2
1671,25.864324,-80.261143000000004,2
287,25.771872999999999,-80.291459000000003,0
1786,25.850435999999998,-80.137377999999998,2
3462,25.468513999999999,-80.496812000000006,1
1161,25.835215000000002,-80.252216000000004,2
3172,25.762772999999999,-80.204689000000002,0
3304,25.609863000000001,-80.416687999999994,1
2767,25.597723999999999,-80.412719999999993,1
2783,25.755655000000001,-80.239210999999997,0
1836,25.764294,-80.373380999999995,0
948,25.739262,-80.257368,0
632,25.692097,-80.267404999999997,0
3966,25.965783999999999,-80.189312000000001,2
1753,25.567815,-80.383718999999999,1
3167,25.867526000000002,-80.273279000000002,2
1420,25.786674999999999,-80.237999000000002,0
3337,25.898409999999998,-80.173682999999997,2
2409,25.856159999999999,-80.224444000000005,2
560,25.93676,-80.196432999999999,2
3301,25.805257999999998,-80.212974000000003,2
2772,25.841781000000001,-80.371027999999995,0
2149,25.760311000000002,-80.299180000000007,0
3359,25.729975,-80.291593000000006,0
1139,25.573929,-80.386066,1
1488,25.765255,-80.342883,0
1930,25.917128000000002,-80.204149999999998,2
627,25.952842,-80.277013999999994,2
1117,25.676462000000001,-80.386145999999997,1
288,25.879066000000002,-80.183581000000004,2
308,25.803021000000001,-80.189961999999994,2
1562,25.569313000000001,-80.377070000000003,1
3731,25.937449999999998,-80.176304000000002,2
3884,25.488792,-80.428796000000006,1
1102,25.483305000000001,-80.428916000000001,1
3707,25.870334,-80.311591000000007,2
3018,25.725491000000002,-80.308228999999997,0
1662,25.693694000000001,-80.447867000000002,1
998,25.793151000000002,-80.224233999999996,0
3508,25.794748999999999,-80.229624999999999,0
3270,25.629414000000001,-80.446004000000002,1
1609,25.539491999999999,-80.369840999999994,1
2375,25.705487999999999,-80.435423999999998,1
2078,25.746227999999999,-80.337169000000003,0
986,25.872005999999999,-80.287936999999999,2
502,25.848599,-80.381970999999993,0
764,25.547145,-80.377955,1
3712,25.815685999999999,-80.212795999999997,2
2029,25.485213000000002,-80.414624000000003,1
2933,25.563043,-80.354759000000001,1
3055,25.681528,-80.432434000000001,1
3133,25.890642,-80.181594000000004,2
3231,25.942038,-80.185424999999995,2
3174,25.555540000000001,-80.369996,1
2981,25.502822999999999,-80.421182000000002,1
1090,25.856514000000001,-80.128637999999995,2
1926,25.780895999999998,-80.405208000000002,0
1205,25.602755999999999,-80.349024999999997,1
1548,25.781713,-80.395747,0
2093,25.729106000000002,-80.362215000000006,0
3436,25.911439999999999,-80.248873000000003,2
2377,25.737773000000001,-80.444316000000001,1
315,25.78312,-80.251530000000002,0
3584,25.669674000000001,-80.289179000000004,0
2224,25.707713999999999,-80.422241999999997,1
3015,25.697464,-80.291507999999993,0
2455,25.676869,-80.446123999999998,1
1911,25.601638000000001,-80.378855999999999,1
3043,25.876608000000001,-80.336186999999995,2
2798,25.799980000000001,-80.324721999999994,0
3171,25.736469,-80.241534000000001,0
717,25.885553000000002,-80.166363000000004,2
780,25.558202000000001,-80.361874999999998,1
1116,25.500888,-80.452771999999996,1
3283,25.826035999999998,-80.209941000000001,2
2417,25.968084000000001,-80.127731999999995,2
2225,25.867246000000002,-80.279416999999995,2
3158,25.902149000000001,-80.218834000000001,2
3074,25.779736,-80.324011999999996,0
3502,25.472076000000001,-80.429128000000006,1
1499,25.971723000000001,-80.184055999999998,2
3934,25.708894999999998,-80.460322000000005,1
1717,25.830514999999998,-80.211635999999999,2
61,25.868444,-80.126136000000002,2
3435,25.505828000000001,-80.418389000000005,1
651,25.916013,-80.168654000000004,2
1260,25.723025,-80.452883,1
2883,25.836009000000001,-80.185872000000003,2
2089,25.648278000000001,-80.346338000000003,1
1781,25.544720999999999,-80.368729000000002,1
3915,25.759609999999999,-80.421250999999998,0
992,25.480661999999999,-80.412914999999998,1
40,25.481363999999999,-80.474110999999994,1
1203,25.836379000000001,-80.222781999999995,2
167,25.715903999999998,-80.363926000000006,0
1935,25.762162,-80.254711,0
587,25.905192,-80.192823000000004,2
1370,25.826685999999999,-80.128316999999996,2
828,25.847429000000002,-80.286061000000004,2
970,25.938402,-80.166968999999995,2
3992,25.772705999999999,-80.391373999999999,0
12,25.929908000000001,-80.213168999999994,2
2592,25.564710999999999,-80.340069,1
3740,25.887744000000001,-80.364214000000004,0
3394,25.452483000000001,-80.438709000000003,1
2356,25.850954000000002,-80.299510999999995,0
559,25.583922000000001,-80.342605000000006,1
960,25.760169000000001,-80.280966000000006,0
1075,25.840154999999999,-80.254830999999996,2
215,25.718409999999999,-80.261582000000004,0
1416,25.771243999999999,-80.257167999999993,0
352,25.502087,-80.449313000000004,1
3308,25.858183,-80.289299999999997,2
3937,25.853732999999998,-80.363859000000005,0
3677,25.917839000000001,-80.315342999999999,2
1659,25.476792,-80.469886000000002,1
1077,25.961483000000001,-80.234269999999995,2
371,25.732917,-80.246478999999994,0
2565,25.489636999999998,-80.413323000000005,1
283,25.747810999999999,-80.206114999999997,0
3490,25.842870000000001,-80.373581999999999,0
165,25.82396,-80.330866999999998,0
1631,25.924064000000001,-80.314446000000004,2
1610,25.678853,-80.458545999999998,1
1640,25.767178000000001,-80.397197000000006,0
2128,25.774084999999999,-80.204176000000004,0
2463,25.849191999999999,-80.296460999999994,0
3155,25.719965999999999,-80.379909999999995,0
3370,25.862966,-80.131883000000002,2
1433,25.943615000000001,-80.311418000000003,2
3319,25.818145000000001,-80.304276000000002,0
523,25.954646,-80.212693000000002,2
1794,25.799122000000001,-80.243139999999997,0
1964,25.734065999999999,-80.244422,0
3741,25.758285999999998,-80.252381999999997,0
3024,25.940615999999999,-80.216569000000007,2
3503,25.663150999999999,-80.444818999999995,1
2838,25.935644,-80.217815999999999,2
2465,25.917639000000001,-80.335791,2
2179,25.905650000000001,-80.195449999999994,2
952,25.890768000000001,-80.295562000000004,2
3398,25.931173999999999,-80.332550999999995,2
2606,25.804608999999999,-80.327417999999994,0
101,25.539831,-80.403882999999993,1
2752,25.837558000000001,-80.221474000000001,2
2097,25.622215000000001,-80.371110000000002,1
3996,25.809653999999998,-80.279024000000007,0
1520,25.788789999999999,-80.197258000000005,0
766,25.856839000000001,-80.199427999999997,2
2439,25.740722000000002,-80.218637999999999,0
3747,25.717385,-80.449524999999994,1
3675,25.817889999999998,-80.354471000000004,0
3185,25.945872000000001,-80.310623000000007,2
329,25.827669,-80.201389000000006,2
3368,25.463350999999999,-80.450006999999999,1
1629,25.896823000000001,-80.266360000000006,2
3064,25.798023000000001,-80.334242000000003,0
2025,25.904458999999999,-80.302042,2
661,25.615417999999998,-80.346153999999999,1
2421,25.696645,-80.396552999999997,1
322,25.593093,-80.352699000000001,1
2970,25.758745000000001,-80.303358000000003,0
3234,25.955708000000001,-80.338288000000006,2
625,25.778288,-80.131401999999994,2
3053,25.75009,-80.40813,0
3112,25.888002,-80.352805000000004,2
2110,25.872328,-80.168700999999999,2
3122,25.959226999999998,-80.247197999999997,2
451,25.835398999999999,-80.207256999999998,2
683,25.73047,-80.442831999999996,1
2079,25.496949000000001,-80.446145999999999,1
3184,25.891345999999999,-80.348545999999999,2
3687,25.758251999999999,-80.313571999999994,0
1478,25.578700000000001,-80.360422,1
1101,25.627095000000001,-80.398298999999994,1
1369,25.689451999999999,-80.432716999999997,1
599,25.769096999999999,-80.289597999999998,0
3381,25.754770000000001,-80.443511000000001,0
3831,25.687380000000001,-80.333296000000004,0
3010,25.967500000000001,-80.151535999999993,2
170,25.714941,-80.419450999999995,1
458,25.630955,-80.391598999999999,1
2575,25.908497000000001,-80.18177,2
2448,25.869420000000002,-80.252740000000003,2
2903,25.757161,-80.314949999999996,0
1885,25.957964,-80.214359000000002,2
1290,25.608176,-80.332769999999996,1
1348,25.732690000000002,-80.241404000000003,0
242,25.482485,-80.414848000000006,1
3521,25.768742,-80.369416000000001,0
1303,25.571238999999998,-80.347317000000004,1
160,25.686654999999998,-80.346063000000001,0
1504,25.730266,-80.430925999999999,1
3848,25.777211000000001,-80.250697000000002,0
2042,25.751695999999999,-80.292783999999997,0
786,25.545061,-80.364998,1
3388,25.890281999999999,-80.196008000000006,2
3182,25.752241000000001,-80.242594999999994,0
2261,25.757099,-80.407460999999998,0
2647,25.931873,-80.159469999999999,2
1839,25.858799999999999,-80.299383000000006,2
269,25.777716000000002,-80.254509999999996,0
3927,25.756426999999999,-80.244049000000004,0
258,25.851431000000002,-80.182721999999998,2
1637,25.602954,-80.434252000000001,1
2279,25.605792000000001,-80.421837999999994,1
757,25.745594000000001,-80.428650000000005,0
63,25.939547000000001,-80.303078999999997,2
0,25.643307,-80.379126999999997,1
1255,25.775010000000002,-80.293000000000006,0
3269,25.796937,-80.201415999999995,0
1594,25.460533999999999,-80.457136000000006,1
338,25.473057000000001,-80.421306000000001,1
95,25.463836000000001,-80.426614999999998,1
3771,25.908270000000002,-80.177313999999996,2
2578,25.895873000000002,-80.168942000000001,2
1672,25.877882,-80.346931999999995,0
2773,25.457895000000001,-80.442034000000007,1
3423,25.676255000000001,-80.320120000000003,0
1540,25.471256,-80.421706,1
2159,25.718889000000001,-80.259925999999993,0
690,25.924469999999999,-80.185396999999995,2
2725,25.550056999999999,-80.363404000000003,1
3237,25.872123999999999,-80.241427000000002,2
532,25.595665,-80.330966000000004,1
2450,25.904371999999999,-80.344372000000007,2
3434,25.632687000000001,-80.437663000000001,1
3769,25.534863999999999,-80.380814000000001,1
2163,25.667399,-80.434002000000007,1
19,25.752897999999998,-80.357445999999996,0
3451,25.701197000000001,-80.427644000000001,1
1202,25.694424000000001,-80.328631999999999,0
3669,25.926086000000002,-80.198594999999997,2
3941,25.807041999999999,-80.384913999999995,0
3272,25.939205000000001,-80.313253000000003,2
3756,25.555461999999999,-80.342646000000002,1
782,25.749478,-80.232006999999996,0
2896,25.962018,-80.248897999999997,2
3265,25.570748999999999,-80.327652999999998,1
686,25.678321,-80.320012000000006,0
2912,25.852240999999999,-80.272400000000005,2
2385,25.633804000000001,-80.437903000000006,1
3705,25.788886000000002,-80.198081999999999,0
3410,25.697451000000001,-80.378805,1
1997,25.93544,-80.193503000000007,2
3727,25.604942000000001,-80.326796000000002,1
59,25.635259999999999,-80.420140000000004,1
79,25.830145999999999,-80.320650999999998,0
2482,25.762525,-80.226686000000001,0
519,25.680416999999998,-80.423330000000007,1
2016,25.611566,-80.380852000000004,1
1005,25.615438000000001,-80.345879999999994,1
3543,25.604044999999999,-80.438675000000003,1
1595,25.760918,-80.324637999999993,0
906,25.856247,-80.304668000000007,2
3438,25.704522000000001,-80.287541000000004,0
1189,25.555906,-80.356498000000002,1
1248,25.765865000000002,-80.280618000000004,0
1383,25.807371,-80.248591000000005,0
350,25.616033000000002,-80.374239000000003,1
1516,25.939567,-80.217301000000006,2
334,25.757770000000001,-80.138301999999996,0
468,25.727952999999999,-80.434084999999996,1
1378,25.88505,-80.360749999999996,0
1829,25.674942000000001,-80.290165999999999,0
1357,25.678861999999999,-80.398767000000007,1
1800,25.731442999999999,-80.381929999999997,0
3916,25.702580999999999,-80.370385999999996,0
382,25.758870000000002,-80.137157999999999,0
1775,25.516703,-80.384855000000002,1
3154,25.945253999999998,-80.331215,2
3563,25.690450999999999,-80.272227000000001,0
2414,25.807672,-80.204954000000001,2
172,25.783272,-80.202606000000003,0
2700,25.480046999999999,-80.471316000000002,1
2247,25.658456000000001,-80.395212000000001,1
96,25.575932000000002,-80.395544000000001,1
833,25.67013,-80.403969000000004,1
3721,25.760652,-80.242939000000007,0
540,25.931808,-80.186871999999994,2
1932,25.964229,-80.136733000000007,2
1914,25.533994,-80.40119,1
3208,25.77242,-80.243264999999994,0
1581,25.778102000000001,-80.266160999999997,0
3681,25.699933000000001,-80.449151000000001,1
2897,25.934432999999999,-80.139650000000003,2
452,25.754391999999999,-80.237409,0
2367,25.761557,-80.410689000000005,0
2692,25.877682,-80.204333000000005,2
846,25.827119,-80.205488000000003,2
1149,25.743946999999999,-80.395897000000005,0
264,25.76088,-80.288683000000006,0
1271,25.835619000000001,-80.202105000000003,2
3496,25.956921000000001,-80.122525999999993,2
1212,25.489841999999999,-80.468654999999998,1
260,25.673096000000001,-80.414653000000001,1
3688,25.775200000000002,-80.376259000000005,0
75,25.672699000000001,-80.367952000000002,1
3116,25.666374000000001,-80.316856000000001,0
3144,25.963899999999999,-80.250756999999993,2
3109,25.687407,-80.332087999999999,0
520,25.880485,-80.123322999999999,2
311,25.949973,-80.218046000000001,2
3868,25.871041999999999,-80.301778999999996,2
1442,25.848656999999999,-80.269912000000005,2
2196,25.601849999999999,-80.440612000000002,1
920,25.870297999999998,-80.126395000000002,2
3810,25.800432000000001,-80.229185999999999,0
3089,25.573080999999998,-80.351813000000007,1
3426,25.694789,-80.170894000000004,0
3256,25.917681999999999,-80.334259000000003,2
2077,25.890699999999999,-80.167670000000001,2
3957,25.966517,-80.250485999999995,2
2425,25.695001000000001,-80.461755999999994,1
1082,25.730996000000001,-80.389718999999999,0
2010,25.807700000000001,-80.201183,2
149,25.857621000000002,-80.300343999999996,2
1043,25.676921,-80.318106,0
2462,25.452299,-80.464969999999994,1
1206,25.547516000000002,-80.375423999999995,1
1110,25.618306,-80.416717000000006,1
871,25.872343000000001,-80.206678999999994,2
864,25.788567,-80.198870999999997,0
1084,25.942827000000001,-80.231941000000006,2
1709,25.875409999999999,-80.299695999999997,2
2603,25.660366,-80.376896000000002,1
682,25.505936999999999,-80.457856000000007,1
569,25.942684,-80.163914000000005,2
2738,25.598624000000001,-80.415030999999999,1
2217,25.556789999999999,-80.344132000000002,1
525,25.465907999999999,-80.449395999999993,1
3621,25.910919,-80.348654999999994,2
3596,25.812874000000001,-80.296997000000005,0
1001,25.626434,-80.420738,1
1585,25.757967000000001,-80.266570000000002,0
1661,25.894898000000001,-80.355958000000001,2
535,25.638780000000001,-80.422656000000003,1
1164,25.709813,-80.399348000000003,1
38,25.760905999999999,-80.334857,0
2206,25.701089,-80.291820000000001,0
2794,25.451516999999999,-80.438901999999999,1
631,25.814442,-80.267764,0
1320,25.971129000000001,-80.196883,2
3902,25.767320000000002,-80.379141000000004,0
917,25.948029999999999,-80.292608000000001,2
1972,25.589872,-80.346221,1
3708,25.699292,-80.426807999999994,1
3289,25.469370000000001,-80.428610000000006,1
1614,25.775417000000001,-80.137069999999994,2
1767,25.846028,-80.123434000000003,2
20,25.968430000000001,-80.138109999999998,2
1555,25.776622,-80.415110999999996,0
2311,25.673299,-80.448254000000006,1
186,25.739398999999999,-80.249032999999997,0
3580,25.740821,-80.396818999999994,0
2083,25.759354999999999,-80.314366000000007,0
1561,25.826723000000001,-80.248755000000003,2
1515,25.599374999999998,-80.379868000000002,1
1209,25.741392000000001,-80.325837000000007,0
3376,25.590406000000002,-80.399922000000004,1
3395,25.841752,-80.207566,2
1983,25.692295999999999,-80.440391000000005,1
194,25.633458000000001,-80.366230000000002,1
2339,25.969538,-80.193200000000004,2
1796,25.742695999999999,-80.249572999999998,0
1402,25.72308,-80.444811999999999,1
110,25.657502999999998,-80.438147999999998,1
3998,25.830833999999999,-80.336473999999995,0
3497,25.814990999999999,-80.354309999999998,0
111,25.741938000000001,-80.349259000000004,0
739,25.792532000000001,-80.154341000000002,2
3323,25.761817000000001,-80.213513000000006,0
138,25.794865999999999,-80.128559999999993,2
1909,25.637132000000001,-80.437513999999993,1
1003,25.945724999999999,-80.211681999999996,2
1999,25.754117000000001,-80.418856000000005,0
1828,25.762353000000001,-80.370666999999997,0
2939,25.971077999999999,-80.200512000000003,2
453,25.464372000000001,-80.524332000000001,1
3241,25.751185,-80.302878000000007,0
1706,25.851668,-80.232909000000006,2
2340,25.962961,-80.199049000000002,2
2241,25.909147000000001,-80.226061000000001,2
1903,25.709181000000001,-80.285848000000001,0
3647,25.618706,-80.317525000000003,1
2271,25.578330999999999,-80.390219000000002,1
2675,25.552568000000001,-80.374516999999997,1
132,25.601348000000002,-80.388064999999997,1
2349,25.559866,-80.400217999999995,1
2555,25.625890999999999,-80.434197999999995,1
3572,25.916934999999999,-80.168831999999995,2
770,25.680304,-80.338620000000006,0
3206,25.745083999999999,-80.265923999999998,0
646,25.763829000000001,-80.400424999999998,0
2958,25.751367999999999,-80.334103999999996,0
1634,25.797373,-80.208759000000001,0
1355,25.707982999999999,-80.320925000000003,0
1790,25.952781999999999,-80.208269999999999,2
1567,25.899359,-80.149139000000005,2
1359,25.945685000000001,-80.324523999999997,2
1335,25.907162,-80.183915999999996,2
1473,25.921492000000001,-80.396817999999996,2
1414,25.672442,-80.387422000000001,1
3867,25.927522,-80.319546000000003,2
3605,25.948107,-80.254499999999993,2
2645,25.457214,-80.483918000000003,1
513,25.853753000000001,-80.191203000000002,2
2460,25.676155000000001,-80.321218000000002,0
701,25.904623000000001,-80.343929000000003,2
617,25.768294999999998,-80.290599,0
3797,25.65354,-80.346339999999998,1
1864,25.889652999999999,-80.231300000000005,2
2763,25.654347000000001,-80.338128999999995,1
3703,25.853331000000001,-80.292184000000006,2
474,25.617775999999999,-80.418907000000004,1
2503,25.669214,-80.277654999999996,0
267,25.669394,-80.386716000000007,1
2066,25.521059999999999,-80.411580000000001,1
3990,25.75582,-80.256201000000004,0
2629,25.751940999999999,-80.243425999999999,0
3775,25.621006000000001,-80.318392000000003,1
3166,25.847359999999998,-80.368358000000001,0
2765,25.761182000000002,-80.218514999999996,0
2761,25.769437,-80.416203999999993,0
464,25.890699000000001,-80.184342000000001,2
965,25.913799000000001,-80.185378,2
2997,25.837060000000001,-80.124101999999993,2
294,25.662326,-80.288628000000003,0
3691,25.485600999999999,-80.421705000000003,1
1342,25.903451,-80.171619000000007,2
564,25.946411999999999,-80.162313999999995,2
852,25.862815000000001,-80.275828000000004,2
2543,25.677600000000002,-80.414642000000001,1
